fill_m3           , cut_m3            , net_m3
148896.54499570033, 1037303.6242159875, -888407.0792202872
